ref,contact,club
club-contact-1,REF-contact-1,REF-club-APP
club-contact-2,REF-contact-2,REF-club-beccles
club-contact-3,REF-contact-3,REF-club-beccles
club-contact-4,REF-contact-4,REF-club-beccles63
club-contact-5,REF-contact-5,REF-club-besthorpe
club-contact-6,REF-contact-6,REF-club-besthorpe
club-contact-7,REF-contact-7,REF-club-blofield
club-contact-8,REF-contact-8,REF-club-CP81
club-contact-9,REF-contact-9,REF-club-eatoneagles
club-contact-10,REF-contact-10,REF-club-eatoneagles
club-contact-11,REF-contact-11,REF-club-FBI
club-contact-12,REF-contact-12,REF-club-lingwood
club-contact-13,REF-contact-13,REF-club-midnorfolk
club-contact-14,REF-contact-14,REF-club-psc
club-contact-15,REF-contact-15,REF-club-SOS
club-contact-16,REF-contact-16,REF-club-SOS
club-contact-17,REF-contact-17,REF-club-stalham
club-contact-18,REF-contact-18,REF-club-tasburgh
club-contact-19,REF-contact-19,REF-club-tasburgh
club-contact-20,REF-contact-20,REF-club-teachers
club-contact-21,REF-contact-21,REF-club-UEA
club-contact-22,REF-contact-22,REF-club-YMCA